<?xml version="1.0" encoding="UTF-8"?>
<configuration>
  <include resource="org/springframework/boot/logging/logback/defaults.xml"/>
  <property name="LOG_FILE" value="${user.home}/tmp/wiremock.log"/>
  <include resource="org/springframework/boot/logging/logback/file-appender.xml"/>

  <appender name="CONSOLE" class="ch.qos.logback.core.ConsoleAppender">
    <filter class="ch.qos.logback.classic.filter.ThresholdFilter">
      <level>INFO</level>
    </filter>

    <layout class="ch.qos.logback.classic.PatternLayout">
      <Pattern>
        %date{ISO8601} [%thread] %-5level %logger{36} - %msg%n
      </Pattern>
    </layout>
  </appender>

  <root level="INFO">
    <appender-ref ref="FILE"/>
    <appender-ref ref="CONSOLE"/>
  </root>

</configuration>